Country,Year,GDP,GDP Per Capita
Afghanistan,2017,14900,618.9899896
Afghanistan,2016,13700,583.8830613
Afghanistan,2015,12600,610.8545447
Afghanistan,2014,12200,651.1584256
Afghanistan,2013,12000,681.0342148
Afghanistan,2012,10900,694.8856184
Afghanistan,2011,8960,645.2834635
Afghanistan,2010,7470,558.1997646
Albania,2017,15500,4450.008107
Albania,2016,14800,4060.926302
Albania,2015,14300,3895.160368
Albania,2014,14000,4529.017154
Albania,2013,13500,4376.970549
Albania,2012,13300,4219.04629
Albania,2011,13000,4404.638035
Albania,2010,12400,4056.060834
Algeria,2017,186000,4055.24658
Algeria,2016,175000,3943.498841
Algeria,2015,167000,4162.850802
Algeria,2014,172000,5466.424679
Algeria,2013,166000,5471.123389
Algeria,2012,162000,5565.136948
Algeria,2011,146000,5432.414561
Algeria,2010,120000,4463.39568
Andorra,2017,26.7408,39152.81207
Andorra,2016,26.0109,37230.36896
Andorra,2015,25.3512,36039.90786
Andorra,2014,25.2545,42293.26996
Andorra,2013,24.7169,40621.91272
Andorra,2012,24.6302,38391.39649
Andorra,2011,24.7622,41101.32343
Andorra,2010,25.3355,39733.98834
Angola,2017,210000,4247.411049
Angola,2016,165000,3509.60348
Angola,2015,140000,4170.7303
Angola,2014,143000,5412.69142
Angola,2013,132000,5258.408494
Angola,2012,122000,5102.492352
Angola,2011,105000,4615.869932
Angola,2010,77000,3585.904759
Anguilla,2017,7.59224026,18860.69379
Anguilla,2016,8.56240752,21479.69415
Anguilla,2015,8.92444118,22622.32965
Anguilla,2014,8.40537184,21530.53933
Anguilla,2013,7.60861597,19707.71323
Anguilla,2012,7.56301701,19825.30548
Anguilla,2011,7.89522747,20960.20588
Anguilla,2010,7.23413009,19458.98352
Antigua and Barbuda,2017,40.77228827,14803.01093
Antigua and Barbuda,2016,39.54501576,14506.60354
Antigua and Barbuda,2015,36.69825791,13602.42124
Antigua and Barbuda,2014,34.44057318,12900.903
Antigua and Barbuda,2013,32.20882972,12194.54959
Antigua and Barbuda,2012,32.70811602,12517.55794
Antigua and Barbuda,2011,30.83515872,11931.204
Antigua and Barbuda,2010,31.11666485,12174.6978
Argentina,2017,106000,14399.62107
Argentina,2016,81900,12654.37636
Argentina,2015,59500,14853.44076
Argentina,2014,45800,13192.88409
Argentina,2013,33500,14417.42145
Argentina,2012,26400,13811.78016
Argentina,2011,21800,12726.78581
Argentina,2010,16600,10345.63806
Armenia,2017,55700,3936.798582
Armenia,2016,50700,3605.743486
Armenia,2015,50400,3617.935696
Armenia,2014,48300,3994.712458
Armenia,2013,45600,3843.590751
Armenia,2012,42700,3684.805034
Armenia,2011,40300,3761.249504
Armenia,2010,36900,3432.155154
Aruba,2017,48.34,25655.10202
Aruba,2016,47.38,25251.63968
Aruba,2015,48.18,25796.38025
Aruba,2014,47.43,25528.40378
Aruba,2013,46.21,25018.30895
Aruba,2012,45.37,24709.60226
Aruba,2011,45.64,24984.27945
Aruba,2010,42.79,23512.6026
Australia,2017,18400,57613.22623
Australia,2016,17500,54067.32187
Australia,2015,16600,52387.55279
Australia,2014,16200,62261.27208
Australia,2013,16000,66544.67096
Australia,2012,15300,69591.06118
Australia,2011,15000,68681.53958
Australia,2010,14100,58646.25038
Austria,2017,3700,47717.72865
Austria,2016,3560,45230.32848
Austria,2015,3440,43993.63596
Austria,2014,3330,51197.13522
Austria,2013,3240,50137.51958
Austria,2012,3190,48068.43873
Austria,2011,3100,50960.66675
Austria,2010,2960,46598.70667
Azerbaijan,2017,701.351,4146.374282
Azerbaijan,2016,604.252,3893.629102
Azerbaijan,2015,543.8,5518.724518
Azerbaijan,2014,590.141,7916.829802
Azerbaijan,2013,581.82,7901.783461
Azerbaijan,2012,547.437,7520.835158
Azerbaijan,2011,520.82,7210.805932
Azerbaijan,2010,424.65,5857.320868
Bahamas,2017,117.9151102,29824.66915
Bahamas,2016,112.6181676,28785.52051
Bahamas,2015,112.3995331,29055.96997
Bahamas,2014,108.4375313,28374.2353
Bahamas,2013,106.7716182,28303.36607
Bahamas,2012,107.2049683,28815.51887
Bahamas,2011,100.704514,27472.25999
Bahamas,2010,100.9576896,27979.13977
Bahrain,2017,132.8254211,23667.61929
Bahrain,2016,121.1790448,22613.75607
Bahrain,2015,117.033424,22688.92168
Bahrain,2014,125.5376846,24983.35604
Bahrain,2013,122.3487362,24737.1791
Bahrain,2012,115.6174903,23649.38509
Bahrain,2011,108.2000516,22512.17033
Bahrain,2010,96.681943,20722.11311
Bangladesh,2017,198000,1491.67341
Bangladesh,2016,173000,1352.032666
Bangladesh,2015,152000,1206.358016
Bangladesh,2014,134000,1085.670254
Bangladesh,2013,120000,974.1935406
Bangladesh,2012,106000,827.7258536
Bangladesh,2011,91600,802.4478913
Bangladesh,2010,79800,752.6025208
Barbados,2017,94.25396575,16494.17185
Barbados,2016,91.44218831,16042.71434
Barbados,2015,89.266,15703.846
Barbados,2014,88.268,15573.86594
Barbados,2013,89.021,15755.42726
Barbados,2012,90.622,16091.41112
Barbados,2011,89.691,15981.94589
Barbados,2010,87.297,15612.78253
Belarus,2017,1050,5749.814704
Belarus,2016,949.49,5034.107372
Belarus,2015,899.098124,5951.521633
Belarus,2014,805.792707,8309.360952
Belarus,2013,670.688471,7967.962369
Belarus,2012,547.616743,6934.943113
Belarus,2011,307.245008,6522.927871
Belarus,2010,170.465804,6041.536677
Belgium,2017,4390,43288.91476
Belgium,2016,4250,41356.14032
Belgium,2015,4110,40382.72337
Belgium,2014,4000,47312.66371
Belgium,2013,3920,46713.43841
Belgium,2012,3880,44921.00605
Belgium,2011,3790,47852.94489
Belgium,2010,3650,44205.09816
Belize,2017,38.04502512,5076.988841
Belize,2016,36.40317,4960.181658
Belize,2015,35.57135,4950.255784
Belize,2014,34.07902,4844.981717
Belize,2013,32.25148,4685.249912
Belize,2012,31.4734,4673.790693
Belize,2011,29.73425,4516.247357
Belize,2010,27.9423,4344.154996
Benin,2017,53800,826.4759674
Benin,2016,50800,788.4471317
Benin,2015,50000,799.378537
Benin,2014,47300,930.8382123
Benin,2013,45000,910.6692014
Benin,2012,41400,834.3039746
Benin,2011,36900,825.9461207
Benin,2010,34500,757.6974108
Bermuda,2017,62.69384044,102192.1147
Bermuda,2016,60.93129076,98808.56673
Bermuda,2015,58.90682421,95006.40971
Bermuda,2014,56.70241013,90895.46685
Bermuda,2013,56.47420129,89968.61814
Bermuda,2012,55.67841701,88128.04414
Bermuda,2011,56.07857479,88200.20885
Bermuda,2010,58.52973325,91515.6252
Bhutan,2017,1670,3172.833013
Bhutan,2016,1490,2773.551792
Bhutan,2015,1320,2614.823342
Bhutan,2014,1200,2522.794276
Bhutan,2013,1050,2350.879846
Bhutan,2012,974.5295505,2422.005388
Bhutan,2011,849.5000781,2458.047958
Bhutan,2010,724.9664117,2178.910021
Bolivia (Plurinational State of),2017,2590,3393.955822
Bolivia (Plurinational State of),2016,2350,3117.33046
Bolivia (Plurinational State of),2015,2280,3077.026198
Bolivia (Plurinational State of),2014,2280,3124.000312
Bolivia (Plurinational State of),2013,2120,2947.938522
Bolivia (Plurinational State of),2012,1870,2645.227747
Bolivia (Plurinational State of),2011,1660,2377.68877
Bolivia (Plurinational State of),2010,1380,1981.176324
Bosnia and Herzegovina,2017,315.2975518,5180.777827
Bosnia and Herzegovina,2016,299.0049647,4808.530148
Bosnia and Herzegovina,2015,285.8581058,4584.264194
Bosnia and Herzegovina,2014,273.5871008,5204.352513
Bosnia and Herzegovina,2013,267.7875419,5042.748881
Bosnia and Herzegovina,2012,262.2270977,4721.98242
Bosnia and Herzegovina,2011,262.3126199,5054.193911
Bosnia and Herzegovina,2010,253.6495257,4614.705311
Botswana,2017,1800,7595.595817
Botswana,2016,1710,6954.173128
Botswana,2015,1460,6527.503133
Botswana,2014,1460,7493.748374
Botswana,2013,1250,7001.009879
Botswana,2012,1100,6901.907802
Botswana,2011,1050,7483.849704
Botswana,2010,868.674,6346.135338
Brazil,2017,65600,9821.439776
Brazil,2016,62600,8633.641398
Brazil,2015,60000,8750.211469
Brazil,2014,57800,12026.86492
Brazil,2013,53300,12216.96594
Brazil,2012,48100,12291.6644
Brazil,2011,43800,13167.24655
Brazil,2010,38900,11223.98367
British Virgin Islands,2017,9.9567702,31916.8169
British Virgin Islands,2016,9.7123711,31676.62862
British Virgin Islands,2015,9.54516882,31697.83422
British Virgin Islands,2014,9.37619,31689.16453
British Virgin Islands,2013,8.974,30885.18722
British Virgin Islands,2012,8.70897,30548.14269
British Virgin Islands,2011,8.58001,30751.62181
British Virgin Islands,2010,8.76152,32183.07376
Brunei Darussalam,2017,167.476781,28290.76622
Brunei Darussalam,2016,157.4772305,26938.50338
Brunei Darussalam,2015,177.7800738,30967.6591
Brunei Darussalam,2014,216.6359318,41529.34077
Brunei Darussalam,2013,226.387829,44598.07569
Brunei Darussalam,2012,238.023062,47651.12793
Brunei Darussalam,2011,233.0257551,47015.68419
Brunei Darussalam,2010,186.8978289,35267.44644
Bulgaria,2017,1010,8218.195576
Bulgaria,2016,941.30002,7465.433842
Bulgaria,2015,885.7517,6994.360892
Bulgaria,2014,837.56039,7866.805812
Bulgaria,2013,818.6609,7645.932129
Bulgaria,2012,820.404,7373.245916
Bulgaria,2011,807.59,7805.662443
Bulgaria,2010,747.713,6834.996088
Burkina Faso,2017,71700,642.1385994
Burkina Faso,2016,64400,582.6250483
Burkina Faso,2015,61600,575.1104003
Burkina Faso,2014,61200,703.8217236
Burkina Faso,2013,59000,699.781484
Burkina Faso,2012,57000,673.8227708
Burkina Faso,2011,50600,666.8403901
Burkina Faso,2010,44500,575.4462982
Burundi,2017,54600,290.4441538
Burundi,2016,48200,277.0381748
Burundi,2015,44200,275.5639104
Burundi,2014,41900,273.5383562
Burundi,2013,38100,255.3726855
Burundi,2012,33700,250.3619884
Burundi,2011,28200,247.2263913
Burundi,2010,25000,231.7958087
Cabo Verde,2017,1730,3244.671167
Cabo Verde,2016,1660,3082.161633
Cabo Verde,2015,1590,2995.149537
Cabo Verde,2014,1540,3529.62477
Cabo Verde,2013,1540,3558.7979
Cabo Verde,2012,1500,3408.481356
Cabo Verde,2011,1480,3670.433509
Cabo Verde,2010,1390,3312.825711
Cambodia,2017,896000,1382.121381
Cambodia,2016,812000,1269.907245
Cambodia,2015,734000,1163.18977
Cambodia,2014,677000,1098.686319
Cambodia,2013,622000,1028.41917
Cambodia,2012,566000,950.0244055
Cambodia,2011,521000,882.4902695
Cambodia,2010,470000,785.6931371
Cameroon,2017,203000,1451.917632
Cameroon,2016,193000,1391.585985
Cameroon,2015,183000,1353.445609
Cameroon,2014,173000,1571.181047
Cameroon,2013,160000,1493.748324
Cameroon,2012,149000,1380.509379
Cameroon,2011,138000,1429.643482
Cameroon,2010,129000,1309.118916
Canada,2017,21400,44973.5481
Canada,2016,20200,42076.64043
Canada,2015,19900,43185.97061
Canada,2014,19900,50534.62024
Canada,2013,19000,52264.95997
Canada,2012,18200,52270.82827
Canada,2011,17700,51786.86328
Canada,2010,16600,47220.55458
Cayman Islands,2017,33.04940154,65472.38945
Cayman Islands,2016,31.97861321,64178.90034
Cayman Islands,2015,30.776201,62591.85237
Cayman Islands,2014,29.77306523,61361.14401
Cayman Islands,2013,28.52354646,59592.62777
Cayman Islands,2012,27.76389441,59282.36741
Cayman Islands,2011,27.1266202,59190.96231
Cayman Islands,2010,26.46330822,58858.79419
Central African Republic,2017,11600,427.7140787
Central African Republic,2016,10700,393.8529014
Central African Republic,2015,9660,359.0189644
Central African Republic,2014,8680,388.785384
Central African Republic,2013,7730,347.9131665
Central African Republic,2012,11400,498.1164314
Central African Republic,2011,10700,506.2274491
Central African Republic,2010,10100,457.1883741
Chad,2017,62400,719.2590299
Chad,2016,65000,757.8619959
Chad,2015,69400,837.515663
Chad,2014,71700,1068.575278
Chad,2013,68200,1051.306964
Chad,2012,71500,1102.2188
Chad,2011,61200,1055.944903
Chad,2010,54300,922.8091306
Chile,2017,1800000,15346.7279
Chile,2016,1690000,13960.89347
Chile,2015,1600000,13736.63602
Chile,2014,1490000,14794.31541
Chile,2013,1380000,15941.39794
Chile,2012,1300000,15431.90282
Chile,2011,1220000,14705.69242
Chile,2010,1120000,12860.17848
"China, Hong Kong SAR",2017,26600,46390.33434
"China, Hong Kong SAR",2016,24900,43938.20935
"China, Hong Kong SAR",2015,24000,42699.19813
"China, Hong Kong SAR",2014,22600,40511.1448
"China, Hong Kong SAR",2013,21400,38566.71212
"China, Hong Kong SAR",2012,20400,36956.67485
"China, Hong Kong SAR",2011,19300,35171.26017
"China, Hong Kong SAR",2010,17800,32545.40726
"China, Macao Special Administrative Region",2017,4040,80892.81125
"China, Macao Special Administrative Region",2016,3620,74017.51568
"China, Macao Special Administrative Region",2015,3620,75484.66077
"China, Macao Special Administrative Region",2014,4420,94004.04851
"China, Macao Special Administrative Region",2013,4120,89525.34488
"China, Macao Special Administrative Region",2012,3440,76496.71564
"China, Macao Special Administrative Region",2011,2940,66813.2803
"China, Macao Special Administrative Region",2010,2250,52374.68536
"China, People's Republic of",2017,827000,8682.249562
"China, People's Republic of",2016,744000,7973.656559
"China, People's Republic of",2015,689000,7920.157752
"China, People's Republic of",2014,644000,7540.635979
"China, People's Republic of",2013,595000,6947.741982
"China, People's Republic of",2012,540000,6224.9207
"China, People's Republic of",2011,489000,5537.629963
"China, People's Republic of",2010,413000,4486.57869
Colombia,2017,9130000,6301.589873
Colombia,2016,8550000,5756.861653
Colombia,2015,7990000,6044.525655
Colombia,2014,7570000,7913.383242
Colombia,2013,7100000,8030.585914
Colombia,2012,6640000,7884.984375
Colombia,2011,6200000,7227.739797
Colombia,2010,5450000,6250.654926
Comoros,2017,4730,1329.917527
Comoros,2016,4540,1283.39352
Comoros,2015,4380,1271.057613
Comoros,2014,4260,1511.825895
Comoros,2013,4130,1504.929593
Comoros,2012,3890,1403.433358
Comoros,2011,3620,1446.069859
Comoros,2010,3370,1315.216002
Congo,2017,65700,2146.531372
Congo,2016,59900,1970.461914
Congo,2015,65600,2220.239428
Congo,2014,93500,3881.395039
Congo,2013,88000,3747.359134
Congo,2012,90300,3818.807922
Congo,2011,77600,3643.838208
Congo,2010,67700,3118.069104
Cook Islands,2017,4.3535,17797.62819
Cook Islands,2016,4.13716617,16571.62103
Cook Islands,2015,4.09104806,16350.17702
Cook Islands,2014,3.828,18055.61458
Cook Islands,2013,3.677,16971.90128
Cook Islands,2012,3.729,16788.09511
Cook Islands,2011,3.624,15681.58701
Cook Islands,2010,3.541,13758.20005
Costa Rica,2017,327000,11734.10025
Costa Rica,2016,310000,11732.71125
Costa Rica,2015,293000,11393.02459
Costa Rica,2014,272000,10630.9979
Costa Rica,2013,249000,10569.66563
Costa Rica,2012,234000,9985.370345
Costa Rica,2011,214000,9186.595665
Costa Rica,2010,196000,8199.41461
CÃ´te d'Ivoire,2017,222000,1566.383577
CÃ´te d'Ivoire,2016,209000,1489.405803
CÃ´te d'Ivoire,2015,196000,1433.213035
CÃ´te d'Ivoire,2014,175000,1567.438017
CÃ´te d'Ivoire,2013,154000,1423.602446
CÃ´te d'Ivoire,2012,137000,1250.655107
CÃ´te d'Ivoire,2011,121000,1228.493505
CÃ´te d'Ivoire,2010,123000,1219.749042
Croatia,2017,3660,13176.53388
Croatia,2016,3510,12252.61402
Croatia,2015,3400,11689.98868
Croatia,2014,3320,13548.38175
Croatia,2013,3320,13595.30657
Croatia,2012,3310,13161.43812
Croatia,2011,3330,14466.60553
Croatia,2010,3290,13831.73243
Cuba,2017,968.51,8433.092699
Cuba,2016,913.7,7961.84588
Cuba,2015,871.33,7608.619184
Cuba,2014,806.56,7050.493249
Cuba,2013,771.48,6760.15344
Cuba,2012,731.41,6425.941119
Cuba,2011,689.9,6121.838092
Cuba,2010,643.28,5676.141403
CuraÃ§ao,2017,55.78732102,19591.31809
CuraÃ§ao,2016,55.88895439,19947.53974
CuraÃ§ao,2015,56.41920251,20179.96085
CuraÃ§ao,2014,56.53546798,20320.967
CuraÃ§ao,2013,56.34232968,20466.68699
CuraÃ§ao,2012,56.04662035,20178.22625
CuraÃ§ao,2011,54.3927233,19994.46351
CuraÃ§ao,2010,52.82903558,25789.84975
Cyprus,2017,195.709,24109.99435
Cyprus,2016,184.902,23236.49724
Cyprus,2015,177.46,27406.06634
Cyprus,2014,176.1,27944.12281
Cyprus,2013,181.405,28985.1531
Cyprus,2012,194.897,32235.68111
Cyprus,2011,197.31,30816.62916
Cyprus,2010,192.995,20325.71579
Czechia,2017,50500,18385.75505
Czechia,2016,47700,17619.21293
Czechia,2015,46000,19608.22955
Czechia,2014,43100,19765.23862
Czechia,2013,41000,19588.28999
Czechia,2012,40600,21568.21805
Czechia,2011,40300,19691.74507
Czechia,2010,39600,684.6008084
Democratic People's Republic of Korea,2017,18700,665.0793424
Democratic People's Republic of Korea,2016,18100,648.2205985
Democratic People's Republic of Korea,2015,17500,696.0560984
Democratic People's Republic of Korea,2014,17200,666.2723649
Democratic People's Republic of Korea,2013,16400,643.2177072
Democratic People's Republic of Korea,2012,15900,637.7767564
Democratic People's Republic of Korea,2011,15100,569.892236
Democratic People's Republic of Korea,2010,14100,462.7795341
Democratic Republic of the Congo,2017,551000,512.3124622
Democratic Republic of the Congo,2016,408000,497.6294084
Democratic Republic of the Congo,2015,351000,487.0816652
Democratic Republic of the Congo,2014,332000,458.1256922
Democratic Republic of the Congo,2013,301000,424.8598087
Democratic Republic of the Congo,2012,270000,387.3231789
Democratic Republic of the Congo,2011,238000,334.2321126
Democratic Republic of the Congo,2010,195000,57532.50249
Denmark,2017,21800,54621.00882
Denmark,2016,21000,53206.05833
Denmark,2015,20400,62323.26854
Denmark,2014,19800,60942.80563
Denmark,2013,19300,58308.45212
Denmark,2012,19000,61617.5954
Denmark,2011,18500,57966.58742
Denmark,2010,18100,1927.592407
Djibouti,2017,3280,1872.235863
Djibouti,2016,3140,1761.612497
Djibouti,2015,2900,1595.146066
Djibouti,2014,2590,1477.363042
Djibouti,2013,2350,1354.812338
Djibouti,2012,2120,1269.008691
Djibouti,2011,1950,1192.386332
Djibouti,2010,1800,6719.337306
Dominica,2017,13.41162928,7824.921666
Dominica,2016,15.53764178,7392.23467
Dominica,2015,14.60242817,7193.668172
Dominica,2014,14.13560112,6933.415429
Dominica,2013,13.55344048,6745.849594
Dominica,2012,13.12194568,6991.271368
Dominica,2011,13.5378,6912.45697
Dominica,2010,13.3333,7052.265681
Dominican Republic,2017,36100,6793.541132
Dominican Republic,2016,33300,6534.90889
Dominican Republic,2015,31000,6348.843207
Dominican Republic,2014,28800,6094.728502
Dominican Republic,2013,26200,5973.229563
Dominican Republic,2012,23900,5765.502674
Dominican Republic,2011,22100,5370.746632
Dominican Republic,2010,19800,6273.488892
Ecuador,2017,1040,6018.526868
Ecuador,2016,986.13972,6150.155955
Ecuador,2015,992.90381,6396.630483
Ecuador,2014,1020,6074.090829
Ecuador,2013,951.29659,5702.104313
Ecuador,2012,879.24544,5223.351763
Ecuador,2011,792.76664,4657.302361
Ecuador,2010,695.55367,2000.299552
Egypt,2017,34700,2824.310351
Egypt,2016,27100,3388.257138
Egypt,2015,24400,3277.86406
Egypt,2014,21300,3015.145298
Egypt,2013,18600,3149.140561
Egypt,2012,16700,2690.417583
Egypt,2011,13700,2551.85449
Egypt,2010,12100,3889.308775
El Salvador,2017,248.0543964,3768.837707
El Salvador,2016,239.1222751,3669.879
El Salvador,2015,231.6603045,3595.790726
El Salvador,2014,225.8584116,3515.9472
El Salvador,2013,219.7740189,3437.599641
El Salvador,2012,213.8615302,3275.50862
El Salvador,2011,202.8378366,2992.545279
El Salvador,2010,184.4792244,9850.347664
Equatorial Guinea,2017,72700,9212.806672
Equatorial Guinea,2016,66700,11209.49801
Equatorial Guinea,2015,78000,19245.65335
Equatorial Guinea,2014,107000,20246.99155
Equatorial Guinea,2013,108000,21557.65035
Equatorial Guinea,2012,114000,21451.88583
Equatorial Guinea,2011,101000,17136.44493
Equatorial Guinea,2010,80700,1146.745076
Eritrea,2017,893.6960125,1010.069402
Eritrea,2016,769.447304,916.4740112
Eritrea,2015,682.9771088,835.2080778
Eritrea,2014,609.455025,755.8837498
Eritrea,2013,540.5256231,671.0259865
Eritrea,2012,470.5571164,582.7882492
Eritrea,2011,400.9487504,482.1490901
Eritrea,2010,325.4948248,19792.64374
Estonia,2017,230.022992,17782.04874
Estonia,2016,210.982883,17156.99588
Estonia,2015,203.47699,19891.86743
Estonia,2014,197.66304,19020.81869
Estonia,2013,189.322777,17392.4622
Estonia,2012,179.348923,17441.57277
Estonia,2011,166.676338,14640.43668
Estonia,2010,147.165331,720.3396793
Ethiopia,2017,18000,686.6423154
Ethiopia,2016,15300,631.5884865
Ethiopia,2015,13000,556.2781955
Ethiopia,2014,10600,490.4955384
Ethiopia,2013,8670,456.6053615
Ethiopia,2012,7470,338.4845075
Ethiopia,2011,5150,300.0056578
Ethiopia,2010,3790,5382.298932
Fiji,2017,100.7333302,5089.804666
Fiji,2016,95.82154446,4889.559174
Fiji,2015,91.50284217,5061.766163
Fiji,2014,84.62390804,4763.100059
Fiji,2013,77.15729742,4546.753916
Fiji,2012,71.09505256,4353.135301
Fiji,2011,67.68488252,3651.766294
Fiji,2010,60.24133533,45670.11952
Finland,2017,2240,43439.18183
Finland,2016,2160,42405.37666
Finland,2015,2100,49931.02915
Finland,2014,2050,49659.58818
Finland,2013,2030,47424.24064
Finland,2012,2000,50781.58241
Finland,2011,1970,46181.49149
Finland,2010,1870,38414.88184
France,2017,22900,36821.68495
France,2016,22300,36573.73928
France,2015,22000,42966.69279
France,2014,21500,42532.43887
France,2013,21200,40790.63579
France,2012,20900,43698.22068
France,2011,20600,40564.55085
France,2010,20000,19806.96524
French Polynesia,2017,5940,19156.36713
French Polynesia,2016,5790,18950.06598
French Polynesia,2015,5660,22301.88956
French Polynesia,2014,5530,22045.68729
French Polynesia,2013,5420,20953.70213
French Polynesia,2012,5290,22960.8384
French Polynesia,2011,5320,22704.47308
French Polynesia,2010,5480,7220.932137
Gabon,2017,85100,7067.56372
Gabon,2016,83000,7446.107414
Gabon,2015,85000,9692.137663
Gabon,2014,89900,9679.722828
Gabon,2013,86900,9774.192338
Gabon,2012,87700,10716.22411
Gabon,2011,85800,8754.141853
Gabon,2010,71100,709.0767454
Gambia,2017,694.2023009,707.5284429
Gambia,2016,632.9469462,704.9739074
Gambia,2015,592.6000237,656.4973662
Gambia,2014,525.4450246,735.236078
Gambia,2013,491.555345,765.93883
Gambia,2012,442.766297,783.1966973
Gambia,2011,402.9586838,851.3497246
Gambia,2010,403.5431696,3874.947124
Georgia,2017,380.4221621,3662.772339
Georgia,2016,340.2845219,3541.238726
Georgia,2015,317.5555564,4135.317305
Georgia,2014,291.504813,3989.345341
Georgia,2013,268.4735425,3857.830696
Georgia,2012,261.673,3460.508547
Georgia,2011,243.44,2750.287615
Georgia,2010,207.434,44976.42616
Germany,2017,32800,42668.33732
Germany,2016,31600,41383.929
Germany,2015,30500,47843.20494
Germany,2014,29400,46176.17775
Germany,2013,28300,43717.14334
Germany,2012,27600,46429.17945
Germany,2011,27000,42241.22189
Germany,2010,25800,2046.09431
Ghana,2017,2570,1950.234376
Ghana,2016,2150,1783.048934
Ghana,2015,1800,1988.000502
Ghana,2014,1550,2401.815577
Ghana,2013,1240,2157.25583
Ghana,2012,996.9075754,2084.641573
Ghana,2011,791.754943,1737.403644
Ghana,2010,609.4366099,18198.00021
Greece,2017,1800,17455.95503
Greece,2016,1760,17524.94729
Greece,2015,1770,21041.75275
Greece,2014,1790,21186.79051
Greece,2013,1810,21591.23903
Greece,2012,1910,25195.02263
Greece,2011,2070,26154.24129
Greece,2010,2260,49398.43891
Greenland,2017,184.988,48101.94838
Greenland,2016,182.667,44328.59296
Greenland,2015,168.138,50407.3264
Greenland,2014,159.51,47593.63173
Greenland,2013,150.795,46213.54161
Greenland,2012,151.165,47468.90663
Greenland,2011,144.121,44195.89653
Greenland,2010,140.78,10451.0298
Grenada,2017,30.42582177,9892.479404
Grenada,2016,28.66404273,9333.27038
Grenada,2015,26.91921443,8570.508267
Grenada,2014,24.6121,7955.606892
Grenada,2013,22.7494,7583.180682
Grenada,2012,21.5968,7410.474
Grenada,2011,21.0237,7365.656398
Grenada,2010,20.8174,4470.961587
Guatemala,2017,5560,4140.717193
Guatemala,2016,5220,3923.565631
Guatemala,2015,4880,3687.747845
Guatemala,2014,4540,3452.82893
Guatemala,2013,4230,3299.603276
Guatemala,2012,3950,3187.833923
Guatemala,2011,3710,2825.494227
Guatemala,2010,3330,802.7319618
Guinea,2017,932000,701.388648
Guinea,2016,779000,727.3025195
Guinea,2015,658000,743.5912873
Guinea,2014,616000,726.0894042
Guinea,2013,579000,677.0434926
Guinea,2012,534000,614.8647723
Guinea,2011,452000,634.9230972
Guinea,2010,392000,723.6339544
Guinea-Bissau,2017,7840,648.8224656
Guinea-Bissau,2016,6990,591.5963387
Guinea-Bissau,2015,6200,610.4686273
Guinea-Bissau,2014,5210,621.9407702
Guinea-Bissau,2013,5170,603.9334058
Guinea-Bissau,2012,5050,688.1406365
Guinea-Bissau,2011,5180,545.7040971
Guinea-Bissau,2010,4210,4555.068423
Guyana,2017,7320,4531.243527
Guyana,2016,7240,4119.676487
Guyana,2015,6540,4030.802971
Guyana,2014,6350,3944.178813
Guyana,2013,6140,3785.935048
Guyana,2012,5830,3439.592119
Guyana,2011,5260,3026.283767
Guyana,2010,4600,775.9725321
Haiti,2017,5520,700.4288881
Haiti,2016,4810,780.0196812
Haiti,2015,4240,819.2439512
Haiti,2014,3920,803.9739914
Haiti,2013,3650,760.0522977
Haiti,2012,3280,736.6806621
Haiti,2011,3030,670.8031797
Haiti,2010,2670,2480.127469
Honduras,2017,5400,2375.093727
Honduras,2016,4940,2341.277987
Honduras,2015,4600,2242.711912
Honduras,2014,4150,2136.773905
Honduras,2013,3770,2178.383025
Honduras,2012,3610,2120.584798
Honduras,2011,3350,1932.85829
Honduras,2010,2990,14376.41207
Hungary,2017,384000,12919.54759
Hungary,2016,355000,12579.21465
Hungary,2015,344000,14274.7093
Hungary,2014,326000,13739.58994
Hungary,2013,302000,12954.48234
Hungary,2012,288000,14222.99082
Hungary,2011,283000,13187.42432
Hungary,2010,272000,73060.18518
Iceland,2017,26200,62308.70612
Iceland,2016,25000,52519.40513
Iceland,2015,22900,54064.85836
Iceland,2014,20700,49027.81567
Iceland,2013,19600,45231.65051
Iceland,2012,18400,46869.83524
Iceland,2011,17600,42717.74459
Iceland,2010,16700,1923.316034
India,2017,1680000,1714.325311
India,2016,1530000,1638.998137
India,2015,1380000,1578.950122
India,2014,1250000,1499.38242
India,2013,1120000,1473.301833
India,2012,994000,1500.85306
India,2011,874000,1356.333031
India,2010,763000,3846.864333
Indonesia,2017,136000000,3570.284614
Indonesia,2016,124000000,3334.549066
Indonesia,2015,115000000,3491.595888
Indonesia,2014,106000000,3620.663981
Indonesia,2013,95500000,3687.95401
Indonesia,2012,86200000,3634.276791
Indonesia,2011,78300000,3113.480623
Indonesia,2010,68600000,5679.648509
"Iran, Islamic Republic of",2017,153000000,5299.156022
"Iran, Islamic Republic of",2016,132000000,4957.58128
"Iran, Islamic Republic of",2015,114000000,5662.163669
"Iran, Islamic Republic of",2014,115000000,6966.659601
"Iran, Islamic Republic of",2013,99300000,7887.233696
"Iran, Islamic Republic of",2012,73400000,7981.029978
"Iran, Islamic Republic of",2011,64000000,6585.960173
"Iran, Islamic Republic of",2010,50400000,4755.724473
Iraq,2017,2160000,4341.891366
Iraq,2016,1910000,4466.661418
Iraq,2015,1880000,5691.052373
Iraq,2014,2320000,6112.878863
Iraq,2013,2420000,5672.28226
Iraq,2012,2170000,4962.758126
Iraq,2011,1840000,3807.788906
Iraq,2010,1370000,69603.92441
Ireland,2017,2940,63952.16088
Ireland,2016,2730,61933.16231
Ireland,2015,2620,55288.61003
Ireland,2014,1950,51023.48606
Ireland,2013,1800,48123.77529
Ireland,2012,1750,51024.91872
Ireland,2011,1710,48008.96967
Ireland,2010,1680,42452.13503
Israel,2017,12700,38987.38168
Israel,2016,12300,37258.23555
Israel,2015,11700,39037.27964
Israel,2014,11100,37452.12632
Israel,2013,10600,33437.00384
Israel,2012,9930,34578.50404
Israel,2011,9360,31475.11693
Israel,2010,8740,32746.608
Italy,2017,17200,31450.768
Italy,2016,16900,30792.32496
Italy,2015,16500,36111.58422
Italy,2014,16200,35705.76055
Italy,2013,16000,34700.98968
Italy,2012,16100,38090.61427
Italy,2011,16400,35577.85218
Italy,2010,16000,5129.845281
Jamaica,2017,19000,4885.615752
Jamaica,2016,17600,4939.837235
Jamaica,2015,16600,4855.799918
Jamaica,2014,15400,5005.595035
Jamaica,2013,14300,5209.503272
Jamaica,2012,13100,5103.358149
Jamaica,2011,12400,4692.396046
Jamaica,2010,11500,38219.68173
Japan,2017,5470000,38742.31665
Japan,2016,5380000,34342.48248
Japan,2015,5320000,37845.69917
Japan,2014,5140000,40180.80998
Japan,2013,5030000,48301.7035
Japan,2012,4950000,47915.96028
Japan,2011,4910000,44340.84064
Japan,2010,5000000,4195.729706
Jordan,2017,289.03,4145.251631
Jordan,2016,278.2964185,4140.343426
Jordan,2015,269.2508564,4092.312877
Jordan,2014,255.9580983,3995.672686
Jordan,2013,238.683883,3870.49539
Jordan,2012,219.6400404,3816.204477
Jordan,2011,205.2434729,3692.310361
Jordan,2010,188.2892524,8756.45714
Kazakhstan,2017,520000,7631.773119
Kazakhstan,2016,470000,10388.28513
Kazakhstan,2015,409000,12661.16263
Kazakhstan,2014,397000,13752.02358
Kazakhstan,2013,360000,12292.20309
Kazakhstan,2012,310000,11570.97779
Kazakhstan,2011,282000,9027.841021
Kazakhstan,2010,218000,1507.814626
Kenya,2017,77500,1462.504113
Kenya,2016,71900,1355.056094
Kenya,2015,62800,1335.123812
Kenya,2014,54000,1229.101416
Kenya,2013,47500,1154.961092
Kenya,2012,42600,987.4458238
Kenya,2011,37300,967.3405226
Kenya,2010,31700,3224.407617
Kingdom of Eswatini,2017,587.8309844,2770.285293
Kingdom of Eswatini,2016,547.31,3047.922117
Kingdom of Eswatini,2015,512.94,3379.87785
Kingdom of Eswatini,2014,475.05,3587.005168
Kingdom of Eswatini,2013,440.34,3864.808589
Kingdom of Eswatini,2012,396.04,3934.241126
Kingdom of Eswatini,2011,350.02,3690.207197
Kingdom of Eswatini,2010,324.97,1694.286106
Kiribati,2017,2.57313316,1587.041377
Kiribati,2016,2.44223057,1504.72636
Kiribati,2015,2.25142971,1619.396147
Kiribati,2014,1.98437647,1705.492959
Kiribati,2013,1.91740439,1783.298528
Kiribati,2012,1.83620802,1736.279366
Kiribati,2011,1.76163149,1520.924674
Kiribati,2010,1.70202196,4116.326024
Kosovo,2017,64.13861,3811.224029
Kosovo,2016,60.70113,3667.846557
Kosovo,2015,58.07009,4213.860914
Kosovo,2014,55.67494,4032.910247
Kosovo,2013,53.26617,3702.569811
Kosovo,2012,50.58763,3808.755206
Kosovo,2011,48.14535,3353.929618
Kosovo,2010,44.01964,28897.18652
Kuwait,2017,362.60699,26996.7308
Kuwait,2016,330.5580578,29113.70552
Kuwait,2015,344.73294,43002.87542
Kuwait,2014,462.85,48401.60979
Kuwait,2013,493.921,51257.3492
Kuwait,2012,487.22,48272.72801
Kuwait,2011,425.12,38496.61517
Kuwait,2010,330.79,1251.380638
Kyrgyzstan,2017,5210,1143.955623
Kyrgyzstan,2016,4760,1138.571341
Kyrgyzstan,2015,4300,1293.275091
Kyrgyzstan,2014,4010,1290.514
Kyrgyzstan,2013,3550,1180.730955
Kyrgyzstan,2012,3100,1125.515711
Kyrgyzstan,2011,2860,884.1873571
Kyrgyzstan,2010,2200,2457.379901
Lao People's Democratic Republic,2017,1410000,2338.692147
Lao People's Democratic Republic,2016,1290000,2159.433726
Lao People's Democratic Republic,2015,1170000,2017.587773
Lao People's Democratic Republic,2014,1070000,1838.80602
Lao People's Democratic Republic,2013,939000,1588.633147
Lao People's Democratic Republic,2012,816000,1380.237312
Lao People's Democratic Republic,2011,702000,1170.850119
Lao People's Democratic Republic,2010,604000,15624.85057
Latvia,2017,270.33056,14054.83534
Latvia,2016,250.37682,13536.07548
Latvia,2015,243.203,15542.22225
Latvia,2014,236.182,14823.11958
Latvia,2013,227.866,13611.17704
Latvia,2012,218.856,13604.61331
Latvia,2011,203.028,11216.08002
Latvia,2010,179.379,8778.471832
Lebanon,2017,805000,8530.361597
Lebanon,2016,772000,8540.386679
Lebanon,2015,753000,8619.256622
Lebanon,2014,728000,8882.803954
Lebanon,2013,707000,8996.560852
Lebanon,2012,667000,8734.189185
Lebanon,2011,604000,8858.283972
Lebanon,2010,579000,1178.311754
Lesotho,2017,350.8877387,1039.70332
Lesotho,2016,337.0442578,1152.316811
Lesotho,2015,319.7234961,1218.47109
Lesotho,2014,283.7510352,1193.004244
Lesotho,2013,243.8887109,1281.625456
Lesotho,2012,219.9044141,1350.671695
Lesotho,2011,202.4411328,1169.2643
Lesotho,2010,174.6802148,583.8300535
Liberia,2017,27.62628933,597.5521818
Liberia,2016,27.57,593.1610685
Liberia,2015,26.69,467.5752613
Liberia,2014,20.53,451.6725533
Liberia,2013,19.36,414.6774783
Liberia,2012,17.34,377.8714731
Liberia,2011,15.38,327.2439449
Liberia,2010,12.92,3941.773821
Libya,2017,350.2292585,2434.301889
Libya,2016,213,2833.327867
Libya,2015,244,5450.892671
Libya,2014,430.3,10623.9332
Libya,2013,837.0890646,16321.62146
Libya,2012,1280,6553.202076
Libya,2011,496.85,13120.53538
Libya,2010,1030,166021.7029
Liechtenstein,2017,61.99744186,164994.1328
Liechtenstein,2016,61.239,167593.8598
Liechtenstein,2015,60.327,179317.6566
Liechtenstein,2014,60.993,173527.4863
Liechtenstein,2013,59.245,165123.4331
Liechtenstein,2012,56.58396858,175052.4959
Liechtenstein,2011,56.37382894,156127.4676
Liechtenstein,2010,58.62232307,16449.67959
Lithuania,2017,421.908308,14776.37085
Lithuania,2016,388.494322,14160.21478
Lithuania,2015,374.339063,16394.2452
Lithuania,2014,365.6828063,15483.23007
Lithuania,2013,349.5964612,14112.83566
Lithuania,2012,333.4847624,14131.71734
Lithuania,2011,312.753173,11886.24449
Lithuania,2010,280.2765947,106805.7688
Luxembourg,2017,552.99377,102408.2373
Luxembourg,2016,533.03028,100935.701
Luxembourg,2015,515.7886,118824.2891
Luxembourg,2014,498.24506,113341.2375
Luxembourg,2013,464.9956,106460.0785
Luxembourg,2012,441.12095,115406.6139
Luxembourg,2011,431.64646,104771.8632
Luxembourg,2010,401.77812,516.5400416
Madagascar,2017,412000,461.4312675
Madagascar,2016,365000,463.944055
Madagascar,2015,330000,524.9809268
Madagascar,2014,299000,538.0488665
Madagascar,2013,273000,521.6372874
Madagascar,2012,256000,535.3584129
Madagascar,2011,236000,484.6030627
Madagascar,2010,214000,340.4170889
Malawi,2017,46300,293.5036993
Malawi,2016,38100,365.9144564
Malawi,2015,32100,349.4628599
Malawi,2014,25300,319.1347552
Malawi,2013,19300,355.4246447
Malawi,2012,14300,512.170392
Malawi,2011,12500,452.8420086
Malawi,2010,10300,9951.449559
Malaysia,2017,13500,9515.192798
Malaysia,2016,12300,9655.136726
Malaysia,2015,11600,11183.86698
Malaysia,2014,11100,10882.25957
Malaysia,2013,10200,10779.50448
Malaysia,2012,9710,10405.11038
Malaysia,2011,9120,9071.393838
Malaysia,2010,8210,11151.09203
Maldives,2017,748.6615672,10319.092
Maldives,2016,678.36974,9821.670619
Maldives,2015,631.4665433,9056.65725
Maldives,2014,568.6674646,8291.47988
Maldives,2013,506.3345139,7473.178449
Maldives,2012,443.4543358,7395.683537
Maldives,2011,405.1108437,7100.405909
Maldives,2010,331.2865355,821.6935288
Mali,2017,88700,779.7573912
Mali,2016,83200,749.6518021
Mali,2015,77500,848.2294459
Mali,2014,71100,803.8550168
Mali,2013,65400,777.3476321
Mali,2012,63500,835.0888848
Mali,2011,61200,708.3707324
Mali,2010,52900,29136.96792
Malta,2017,111.397,26226.66885
Malta,2016,101.801,24703.04535
Malta,2015,95.246,26397.81458
Malta,2014,84.675,23972.33547
Malta,2013,76.417,21887.19758
Malta,2012,71.68,22727.68812
Malta,2011,68.4,21005.35724
Malta,2010,65.995,3753.256292
Marshall Islands,2017,1.99399247,3665.207477
Marshall Islands,2016,1.944979,3385.903574
Marshall Islands,2015,1.79432574,3461.645091
Marshall Islands,2014,1.83114102,3617.751501
Marshall Islands,2013,1.90991955,3513.962213
Marshall Islands,2012,1.85055792,3286.416257
Marshall Islands,2011,1.72674883,3142.609309
Marshall Islands,2010,1.64751293,1129.389152
Mauritania,2017,17900,1103.653698
Mauritania,2016,16700,1155.466015
Mauritania,2015,15700,1319.758717
Mauritania,2014,16300,1429.189585
Mauritania,2013,17000,1365.777822
Mauritania,2012,15500,1389.670845
Mauritania,2011,14500,1201.756436
Mauritania,2010,12000,10564.9126
Mauritius,2017,4610,9682.680704
Mauritius,2016,4340,9283.601068
Mauritius,2015,4100,10183.9369
Mauritius,2014,3920,9662.833894
Mauritius,2013,3720,9309.850416
Mauritius,2012,3510,9207.195575
Mauritius,2011,3310,8016.050811
Mauritius,2010,3080,8967.170167
Mexico,2017,219000,8450.892079
Mexico,2016,201000,9298.262435
Mexico,2015,186000,10582.45033
Mexico,2014,175000,10400.56994
Mexico,2013,163000,9940.500012
Mexico,2012,158000,9912.562414
Mexico,2011,147000,9016.451981
Mexico,2010,134000,3187.557161
Micronesia (Federated States of),2017,3.36427533,3143.752918
Micronesia (Federated States of),2016,3.29896,3018.011548
Micronesia (Federated States of),2015,3.1518,3057.241744
Micronesia (Federated States of),2014,3.17999,3047.588282
Micronesia (Federated States of),2013,3.16041,3150.9135
Micronesia (Federated States of),2012,3.26129,3000.947153
Micronesia (Federated States of),2011,3.10502,2861.768453
Micronesia (Federated States of),2010,2.96525,165420.9895
Monaco,2017,56.802,168003.0817
Monaco,2016,58.47254586,163393.916
Monaco,2015,56.43601325,185144.1425
Monaco,2014,53.2127602,172597.2092
Monaco,2013,49.35970768,152003.126
Monaco,2012,44.6984453,162165.7449
Monaco,2011,43.74204305,144561.1027
Monaco,2010,40.48814954,3620.391806
Mongolia,2017,272000,3695.164911
Mongolia,2016,239000,3946.964596
Mongolia,2015,232000,4181.591895
Mongolia,2014,222000,4385.369601
Mongolia,2013,192000,4368.07713
Mongolia,2012,167000,3769.605643
Mongolia,2011,132000,2650.354148
Mongolia,2010,97600,7702.566373
Montenegro,2017,42.99091,6958.06667
Montenegro,2016,39.542,6452.12749
Montenegro,2015,36.545,7309.069044
Montenegro,2014,34.579,7119.391447
Montenegro,2013,33.625,6525.990317
Montenegro,2012,31.815,7256.203524
Montenegro,2011,32.648,6629.918816
Montenegro,2010,31.251,11581.85421
Montserrat,2017,1.6189,12196.62986
Montserrat,2016,1.6966,11979.21184
Montserrat,2015,1.6573,11564.44793
Montserrat,2014,1.5918,11737.40828
Montserrat,2013,1.6061,12609.96636
Montserrat,2012,1.7129,12755.30637
Montserrat,2011,1.7199,11227.97555
Montserrat,2010,1.4988,3069.671013
Morocco,2017,10600,2929.562504
Morocco,2016,10100,2907.173855
Morocco,2015,9880,3207.660852
Morocco,2014,9250,3158.206346
Morocco,2013,8980,2947.934765
Morocco,2012,8480,3085.040129
Morocco,2011,8200,2876.219076
Morocco,2010,7850,426.4380772
Mozambique,2017,8040,377.9771118
Mozambique,2016,6870,528.3143174
Mozambique,2015,5920,623.2873587
Mozambique,2014,5320,605.9858847
Mozambique,2013,4820,594.5217753
Mozambique,2012,4330,526.5312987
Mozambique,2011,3820,419.226336
Mozambique,2010,3450,1257.281029
Myanmar,2017,913000,1220.752509
Myanmar,2016,797000,1193.494503
Myanmar,2015,727000,1276.857157
Myanmar,2014,653000,1207.807683
Myanmar,2013,580000,1196.664441
Myanmar,2012,513000,1145.103993
Myanmar,2011,463000,826.322055
Myanmar,2010,398000,5227.179824
Namibia,2017,1760,4560.712408
Namibia,2016,1660,4805.755356
Namibia,2015,1500,5392.734738
Namibia,2014,1390,5490.05793
Namibia,2013,1230,5749.373331
Namibia,2012,1070,5600.946603
Namibia,2011,901.0756315,5191.567506
Namibia,2010,825.9918846,10045.37737
Nauru,2017,1.49911177,9118.694258
Nauru,2016,1.39189053,7955.25631
Nauru,2015,1.19233989,10307.32192
Nauru,2014,1.2658063,9406.70679
Nauru,2013,1.05136382,11510.09008
Nauru,2012,1.16478235,8412.90717
Nauru,2011,0.83256488,6233.866158
Nauru,2010,0.68128981,848.6683409
Nepal,2017,26000,722.1158191
Nepal,2016,22500,725.8863213
Nepal,2015,21300,696.8836701
Nepal,2014,19600,651.3138711
Nepal,2013,17000,648.364406
Nepal,2012,15300,675.7861014
Nepal,2011,13700,602.4764086
Nepal,2010,11900,48754.14661
Netherlands,2017,7370,46124.26919
Netherlands,2016,7080,45179.02972
Netherlands,2015,6900,52754.0133
Netherlands,2014,6720,52074.77395
Netherlands,2013,6600,49971.20494
Netherlands,2012,6530,54017.19978
Netherlands,2011,6500,50743.81746
Netherlands,2010,6390,35815.48571
New Caledonia,2017,10500,34640.67322
New Caledonia,2016,10200,34094.00341
New Caledonia,2015,9870,39410.92588
New Caledonia,2014,9410,38344.04504
New Caledonia,2013,9030,37099.31096
New Caledonia,2012,8900,40595.39704
New Caledonia,2011,8870,37266.30891
New Caledonia,2010,8430,42934.98482
New Zealand,2017,2840,40304.81734
New Zealand,2016,2700,38402.18473
New Zealand,2015,2540,43977.92752
New Zealand,2014,2420,42232.04083
New Zealand,2013,2330,39436.66557
New Zealand,2012,2170,38127.67817
New Zealand,2011,2130,33542.73499
New Zealand,2010,2030,2221.781208
Nicaragua,2017,4150,2143.823838
Nicaragua,2016,3770,2073.49452
Nicaragua,2015,3440,1975.464679
Nicaragua,2014,3080,1847.200726
Nicaragua,2013,2720,1792.04082
Nicaragua,2012,2480,1682.96013
Nicaragua,2011,2190,1526.494458
Nicaragua,2010,1870,378.0721214
Niger,2017,47300,367.9127896
Niger,2016,45100,364.3144651
Niger,2015,42900,429.7910366
Niger,2014,40700,416.1399424
Niger,2013,37900,391.5154603
Niger,2012,35400,375.5819754
Niger,2011,30200,348.1513729
Niger,2010,28300,1968.552472
Nigeria,2017,1150000,2175.654114
Nigeria,2016,1030000,2729.759594
Nigeria,2015,952000,3221.677269
Nigeria,2014,901000,2996.963827
Nigeria,2013,810000,2755.28509
Nigeria,2012,726000,2542.378883
Nigeria,2011,637000,2327.320283
Nigeria,2010,555000,75295.25642
Norway,2017,33000,70667.76854
Norway,2016,31200,74360.64126
Norway,2015,31200,97141.69722
Norway,2014,31500,103110.4419
Norway,2013,30800,101801.3615
Norway,2012,29700,100823.038
Norway,2011,28000,87830.87763
Norway,2010,25900,15267.42076
Oman,2017,272.1635675,14902.82085
Oman,2016,253.5448192,16410.59072
Oman,2015,265.0026408,20469.1411
Oman,2014,311.7400373,21227.22467
Oman,2013,302.9261759,22113.65095
Oman,2012,294.5882435,21010.56063
Oman,2011,261.5246559,18756.90868
Oman,2010,219.3510499,1533.578723
Pakistan,2017,319000,1437.752114
Pakistan,2016,291000,1410.046304
Pakistan,2015,274000,1341.710637
Pakistan,2014,252000,1212.181336
Pakistan,2013,224000,1206.451626
Pakistan,2012,200000,1215.216401
Pakistan,2011,183000,1023.14574
Pakistan,2010,149000,13417.27645
Palau,2017,2.91544,14077.10552
Palau,2016,3.027,13767.52161
Palau,2015,2.93083,11641.22499
Palau,2014,2.4556,10768.11663
Palau,2013,2.25269,10338.08652
Palau,2012,2.14598,9379.484441
Palau,2011,1.93208,8932.291158
Palau,2010,1.82844,15087.68164
Panama,2017,618.3817584,14332.97248
Panama,2016,578.2091662,13684.13081
Panama,2015,543.1572255,12787.3062
Panama,2014,499.2146437,11879.75653
Panama,2013,455.9999401,10715.71661
Panama,2012,404.2973438,9354.979419
Panama,2011,346.862243,8080.83822
Panama,2010,294.4028758,2666.997412
Papua New Guinea,2017,701.72,2656.795704
Papua New Guinea,2016,672.98,2899.248623
Papua New Guinea,2015,635.67,2966.007359
Papua New Guinea,2014,566.21,2800.156553
Papua New Guinea,2013,477.21,2865.806766
Papua New Guinea,2012,443.72,2474.093203
Papua New Guinea,2011,426.42,2004.822412
Papua New Guinea,2010,387.52,4321.507205
Paraguay,2017,1650000,4077.758948
Paraguay,2016,1560000,4109.367724
Paraguay,2015,1420000,4712.822771
Paraguay,2014,1380000,4479.905893
Paraguay,2013,1250000,3855.537747
Paraguay,2012,1090000,3988.011939
Paraguay,2011,1050000,3228.327786
Paraguay,2010,949000,6572.354968
Peru,2017,6890,6031.434736
Peru,2016,6470,6053.037823
Peru,2015,6050,6491.952278
Peru,2014,5710,6583.118622
Peru,2013,5440,6387.818174
Peru,2012,5080,5771.565878
Peru,2011,4730,5022.448746
Peru,2010,4170,2988.95153
Philippines,2017,158000,2950.916149
Philippines,2016,145000,2878.335844
Philippines,2015,133000,2842.941279
Philippines,2014,126000,2760.290133
Philippines,2013,115000,2581.81887
Philippines,2012,106000,2352.51615
Philippines,2011,97100,2129.500938
Philippines,2010,90000,13785.74898
Poland,2017,19900,12348.91515
Poland,2016,18600,12480.71546
Poland,2015,18000,14242.31761
Poland,2014,17200,13684.13132
Poland,2013,16600,13058.15015
Poland,2012,16300,13799.85881
Poland,2011,15700,12507.27847
Poland,2010,14500,18881.94815
Portugal,2017,1730,18159.5141
Portugal,2016,1700,19141.02537
Portugal,2015,1800,21929.7238
Portugal,2014,1730,21474.21101
Portugal,2013,1700,20447.1592
Portugal,2012,1680,23048.2349
Portugal,2011,1760,22371.03477
Portugal,2010,1800,28450.68877
Puerto Rico,2017,1040,28343.38858
Puerto Rico,2016,1040,28139.12734
Puerto Rico,2015,1030,27833.12481
Puerto Rico,2014,1020,27773.83935
Puerto Rico,2013,1020,27467.94116
Puerto Rico,2012,1020,27070.98277
Puerto Rico,2011,1000,26470.11739
Puerto Rico,2010,983.813,63505.88134
Qatar,2017,6100,59324.31272
Qatar,2016,5550,66346.50553
Qatar,2015,5990,86852.65682
Qatar,2014,7510,88304.83324
Qatar,2013,7230,88564.81629
Qatar,2012,6800,85948.06732
Qatar,2011,6110,70306.26326
Qatar,2010,4550,30025.19574
Republic of Korea,2017,17300000,27854.90573
Republic of Korea,2016,16400000,27330.77568
Republic of Korea,2015,15600000,28010.68166
Republic of Korea,2014,14900000,26024.01211
Republic of Korea,2013,14300000,24479.52601
Republic of Korea,2012,13800000,24172.71883
Republic of Korea,2011,13300000,22087.51343
Republic of Korea,2010,12700000,2006.431187
Republic of Moldova,2017,1500,1673.984756
Republic of Moldova,2016,1350,1601.801885
Republic of Moldova,2015,1230,1961.509477
Republic of Moldova,2014,1120,1961.072076
Republic of Moldova,2013,1010,1788.216871
Republic of Moldova,2012,882.27753,1720.521433
Republic of Moldova,2011,823.48703,1422.854555
Republic of Moldova,2010,718.85474,10762.76356
Romania,2017,8580,9495.697508
Romania,2016,7620,8950.846433
Romania,2015,7130,9988.365145
Romania,2014,6680,9544.854848
Romania,2013,6370,8510.359852
Romania,2012,5950,9085.259823
Romania,2011,5620,8153.400127
Romania,2010,5300,10955.81026
Russian Federation,2017,920000,8923.917175
Russian Federation,2016,861000,9510.187318
Russian Federation,2015,834000,14354.78188
Russian Federation,2014,792000,15997.00002
Russian Federation,2013,731000,15410.99937
Russian Federation,2012,682000,14320.82736
Russian Federation,2011,603000,10756.57328
Russian Federation,2010,468000,748.3500532
Rwanda,2017,76000,711.1432247
Rwanda,2016,66700,711.7795741
Rwanda,2015,59700,706.569932
Rwanda,2014,54700,688.8768828
Rwanda,2013,49300,679.8902771
Rwanda,2012,45100,624.1222308
Rwanda,2011,39400,563.3236853
Rwanda,2010,33700,16817.95028
Saint Kitts and Nevis,2017,25.13131537,16413.30546
Saint Kitts and Nevis,2016,24.29443311,15936.67751
Saint Kitts and Nevis,2015,23.35959941,15822.16937
Saint Kitts and Nevis,2014,22.95722411,14834.05263
Saint Kitts and Nevis,2013,21.29521709,13966.61693
Saint Kitts and Nevis,2012,19.83199548,14487.63138
Saint Kitts and Nevis,2011,20.34298145,13708.32046
Saint Kitts and Nevis,2010,19.04106275,9606.965557
Saint Lucia,2017,46.39,9188.364276
Saint Lucia,2016,44.163,9155.697011
Saint Lucia,2015,43.806,8596.440291
Saint Lucia,2014,40.948,8367.17396
Saint Lucia,2013,39.684,8216.000483
Saint Lucia,2012,38.784,8272.354917
Saint Lucia,2011,38.826,8008.095011
Saint Lucia,2010,37.315,7098.780643
Saint Vincent and the Grenadines,2017,21.0636368,6994.385374
Saint Vincent and the Grenadines,2016,20.70590568,6914.675904
Saint Vincent and the Grenadines,2015,20.43483798,6637.842523
Saint Vincent and the Grenadines,2014,19.59915271,6597.213752
Saint Vincent and the Grenadines,2013,19.4726,6338.249562
Saint Vincent and the Grenadines,2012,18.7096,6183.373998
Saint Vincent and the Grenadines,2011,18.2546,6231.769894
Saint Vincent and the Grenadines,2010,18.3931,4355.679937
Samoa,2017,21.63453102,4213.086158
Samoa,2016,21.08588416,3995.029561
Samoa,2015,19.82303006,4285.980426
Samoa,2014,19.21730037,4217.831676
Samoa,2013,18.59306069,4228.758607
Samoa,2012,18.3397737,4194.711577
Samoa,2011,18.24315238,3647.872463
Samoa,2010,16.87708183,50587.62999
San Marino,2017,14.99370502,48559.87994
San Marino,2016,14.57606297,47626.7462
San Marino,2015,14.15404,56491.50773
San Marino,2014,13.90515,57735.03304
San Marino,2013,14.04653,56420.5626
San Marino,2012,14.014,65195.61269
San Marino,2011,14.775,68767.04674
San Marino,2010,16.153,1921.281086
Sao Tome and Principe,2017,85.3491,1771.988051
Sao Tome and Principe,2016,78.45971,1613.480221
Sao Tome and Principe,2015,69.7006,1824.160244
Sao Tome and Principe,2014,64.42924944,1619.532714
Sao Tome and Principe,2013,55.8896106,1380.950092
Sao Tome and Principe,2012,48.15930436,1304.326119
Sao Tome and Principe,2011,41.09906529,1129.754802
Sao Tome and Principe,2010,36.52623292,20760.90601
Saudi Arabia,2017,25600,19982.08329
Saudi Arabia,2016,24200,20732.86189
Saudi Arabia,2015,24500,24575.40304
Saudi Arabia,2014,28400,24934.38614
Saudi Arabia,2013,28000,25303.09462
Saudi Arabia,2012,27600,23770.74739
Saudi Arabia,2011,25200,19259.59209
Saudi Arabia,2010,19800,1332.832365
Senegal,2017,123000,1230.998261
Senegal,2016,113000,1185.906745
Senegal,2015,105000,1359.18948
Senegal,2014,97800,1360.4485
Senegal,2013,94900,1342.3901
Senegal,2012,93900,1398.333553
Senegal,2011,87800,1294.85256
Senegal,2010,82800,5912.07572
Serbia,2017,44800,5426.200778
Serbia,2016,42600,5237.254179
Serbia,2015,40400,6199.120462
Serbia,2014,39100,6351.678982
Serbia,2013,38800,5657.485048
Serbia,2012,35800,6421.137709
Serbia,2011,34100,5411.87473
Serbia,2010,30700,15692.73523
Seychelles,2017,202.9000952,15150.23524
Seychelles,2016,190.1405618,14694.50659
Seychelles,2015,183.3983099,14401.46838
Seychelles,2014,171.1919607,14316.71092
Seychelles,2013,160.1452602,11480.70078
Seychelles,2012,145.1937271,11090.45075
Seychelles,2011,126.09839,10611.72297
Seychelles,2010,117.05296,494.8356648
Sierra Leone,2017,276000,522.2582698
Sierra Leone,2016,243000,586.9893483
Sierra Leone,2015,216000,708.4427502
Sierra Leone,2014,227000,710.8187001
Sierra Leone,2013,213000,561.8984185
Sierra Leone,2012,165000,445.0520014
Sierra Leone,2011,128000,399.1543649
Sierra Leone,2010,103000,56736.77026
Singapore,2017,4470,55092.21228
Singapore,2016,4280,54937.27847
Singapore,2015,4180,57182.86288
Singapore,2014,3950,56792.312
Singapore,2013,3810,55147.32174
Singapore,2012,3630,53317.487
Singapore,2011,3470,46592.15531
Singapore,2010,3220,27115.53833
Sint Maarten (Dutch part),2017,18.147,27520.63435
Sint Maarten (Dutch part),2016,19.19,28064.11547
Sint Maarten (Dutch part),2015,19.089,28072.10672
Sint Maarten (Dutch part),2014,18.937,28060.37226
Sint Maarten (Dutch part),2013,18.31025899,27550.71194
Sint Maarten (Dutch part),2012,17.64662655,27064.72825
Sint Maarten (Dutch part),2011,16.7555275,17552.05632
Sint Maarten (Dutch part),2010,16.04720785,16503.44628
Slovakia,2017,848.50874,16136.1397
Slovakia,2016,812.26073,18581.11381
Slovakia,2015,791.38242,18152.25613
Slovakia,2014,760.87789,17244.3762
Slovakia,2013,741.69873,18148.62042
Slovakia,2012,727.03513,16561.09252
Slovakia,2011,706.27205,23296.4067
Slovakia,2010,675.77288,21484.19177
Slovenia,2017,429.997,20774.16822
Slovenia,2016,403.572,24091.40562
Slovenia,2015,388.633,23288.23119
Slovenia,2014,376.033,22497.10143
Slovenia,2013,362.3920071,24978.03295
Slovenia,2012,360.7608984,23476.60765
Slovenia,2011,368.9630074,1982.28432
Slovenia,2010,362.5243138,1886.39921
Solomon Islands,2017,95.58378528,1802.855301
Solomon Islands,2016,89.87322496,1868.44556
Solomon Islands,2015,83.82803555,1839.056491
Solomon Islands,2014,79.30693324,1769.403046
Solomon Islands,2013,75.67438027,1612.7255
Solomon Islands,2012,71.778,1363.464483
Solomon Islands,2011,66.498,104.1399541
Solomon Islands,2010,58.034,100.1991831
Somalia,2017,355000,104.599205
Somalia,2016,331000,122.1838627
Somalia,2015,324000,134.219659
Somalia,2014,334000,119.0511052
Somalia,2013,340000,91.59058373
Somalia,2012,342000,90.66325393
Somalia,2011,340000,6151.086799
Somalia,2010,342000,5279.726343
South Africa,2017,46500,5742.97437
South Africa,2016,43500,6429.050986
South Africa,2015,40500,6819.09336
South Africa,2014,38100,7478.163189
South Africa,2013,35400,7967.642655
South Africa,2012,32500,7276.354027
South Africa,2011,30200,452.7702917
South Africa,2010,27500,534.2651155
South Sudan,2017,6570,1128.442188
South Sudan,2016,3230,1374.377335
South Sudan,2015,548.3001703,1201.326782
South Sudan,2014,467.5132033,884.5933606
South Sudan,2013,396.1206337,1702.502285
South Sudan,2012,282.3078964,1510.431948
South Sudan,2011,531.7103805,28353.64937
South Sudan,2010,350.6460823,26700.41426
Spain,2017,11700,25843.63264
Spain,2016,11200,29597.09237
Spain,2015,10800,29163.28842
Spain,2014,10400,28512.44063
Spain,2013,10300,31722.33219
Spain,2012,10400,30597.53512
Spain,2011,10700,4184.365324
Spain,2010,10800,3932.373593
Sri Lanka,2017,133000,3891.277441
Sri Lanka,2016,119000,3847.853762
Sri Lanka,2015,110000,3620.448452
Sri Lanka,2014,104000,3350.595979
Sri Lanka,2013,95900,3214.013835
Sri Lanka,2012,87300,2808.43467
Sri Lanka,2011,72200,2946.334726
Sri Lanka,2010,64100,2802.447656
State of Palestine,2017,144.981,2717.845865
State of Palestine,2016,134.257,2802.382409
State of Palestine,2015,126.73,2826.048941
State of Palestine,2014,127.156,2626.194423
State of Palestine,2013,124.76,2504.35823
State of Palestine,2012,112.794,2191.658415
State of Palestine,2011,104.654,2967.083433
State of Palestine,2010,89.131,2316.917916
Sudan,2017,8040,2149.804992
Sudan,2016,6190,1970.370163
Sudan,2015,5010,1734.377426
Sudan,2014,4270,1719.322224
Sudan,2013,3040,1976.695716
Sudan,2012,2210,1583.748998
Sudan,2011,1850,6757.426214
Sudan,2010,1260,5871.477293
Suriname,2017,285.0662991,8724.555594
Suriname,2016,204.20222,9564.639216
Suriname,2015,164.90521,9484.37987
Suriname,2014,172.94421,9272.230081
Suriname,2013,169.80663,8318.90842
Suriname,2012,164.33675,8303.27399
Suriname,2011,144.51881,54043.34017
Suriname,2010,119.93016,52066.43174
Sweden,2017,45800,51018.00816
Sweden,2016,43900,59282.77858
Sweden,2015,42000,60254.37221
Sweden,2014,39400,57068.11019
Sweden,2013,37700,59560.93978
Sweden,2012,36900,52066.063
Sweden,2011,36600,80101.2041
Sweden,2010,35200,79766.94653
Switzerland,2017,6690,81712.8807
Switzerland,2016,6600,86174.30505
Switzerland,2015,6540,84659.0154
Switzerland,2014,6500,83176.17808
Switzerland,2013,6380,88214.69108
Switzerland,2012,6260,74538.44989
Switzerland,2011,6210,831.0604013
Switzerland,2010,6090,671.5710408
Syrian Arab Republic,2017,74800,1018.954651
Syrian Arab Republic,2016,57000,1203.681461
Syrian Arab Republic,2015,45200,1363.82469
Syrian Arab Republic,2014,35600,2293.655875
Syrian Arab Republic,2013,29400,3225.319092
Syrian Arab Republic,2012,30200,2876.711053
Syrian Arab Republic,2011,32500,800.9630607
Syrian Arab Republic,2010,27900,795.963287
Tajikistan,2017,610.936,918.8094298
Tajikistan,2016,544.791,1104.50038
Tajikistan,2015,484.087,1040.155801
Tajikistan,2014,456.066,954.718846
Tajikistan,2013,405.255,834.5443123
Tajikistan,2012,361.631,738.3471662
Tajikistan,2011,300.711,6595.001976
Tajikistan,2010,247.069,5979.29637
Thailand,2017,155000,5846.391763
Thailand,2016,145000,5953.787818
Thailand,2015,137000,6168.401573
Thailand,2014,132000,5859.889215
Thailand,2013,129000,5491.153979
Thailand,2012,124000,5075.301376
Thailand,2011,113000,5414.618796
Thailand,2010,108000,5128.019337
The former Yugoslav Republic of Macedonia,2017,6170,4840.318528
The former Yugoslav Republic of Macedonia,2016,5950,5469.210114
The former Yugoslav Republic of Macedonia,2015,5590,5211.499148
The former Yugoslav Republic of Macedonia,2014,5280,4698.697277
The former Yugoslav Republic of Macedonia,2013,5020,5064.039708
The former Yugoslav Republic of Macedonia,2012,4670,4542.899955
The former Yugoslav Republic of Macedonia,2011,4640,2279.253204
The former Yugoslav Republic of Macedonia,2010,4370,1987.124857
Timor-Leste,2017,29.54621,2501.598354
Timor-Leste,2016,25.21007679,3335.530286
Timor-Leste,2015,31.04426021,4770.327214
Timor-Leste,2014,40.45377828,5767.011285
Timor-Leste,2013,56.49813361,5021.498321
Timor-Leste,2012,66.71047974,3603.757284
Timor-Leste,2011,56.81940845,613.7586387
Timor-Leste,2010,39.98696649,589.4276639
Togo,2017,27900,563.275509
Togo,2016,26600,632.0632669
Togo,2015,24700,613.4401629
Togo,2014,22600,564.6971089
Togo,2013,21300,579.013059
Togo,2012,19800,526.8410495
Togo,2011,18200,3949.822802
Togo,2010,17000,3747.69247
Tonga,2017,9.412,3777.581971
Tonga,2016,8.895,4118.135167
Tonga,2015,8.46093,4181.528091
Tonga,2014,8.045,4436.896473
Tonga,2013,7.812,4286.303424
Tonga,2012,8.007,3590.216427
Tonga,2011,7.75,16145.25076
Tonga,2010,7.126,16340.4231
Trinidad and Tobago,2017,1500,17941.68913
Trinidad and Tobago,2016,1490,20081.22902
Trinidad and Tobago,2015,1560,19713.28818
Trinidad and Tobago,2014,1740,19098.94093
Trinidad and Tobago,2013,1710,19001.15967
Trinidad and Tobago,2012,1650,16611.39979
Trinidad and Tobago,2011,1630,3474.538392
Trinidad and Tobago,2010,1410,3666.30026
Tunisia,2017,969.435,3827.690095
Tunisia,2016,898.044,4274.361061
Tunisia,2015,846.482,4199.193217
Tunisia,2014,808.655,4137.572319
Tunisia,2013,751.4411517,4256.965241
Tunisia,2012,703.5443576,4140.171468
Tunisia,2011,644.9223112,10546.05738
Tunisia,2010,630.548,10862.6004
Turkey,2017,31100,10984.77076
Turkey,2016,26100,12127.22567
Turkey,2015,23400,12542.93076
Turkey,2014,20400,11720.3077
Turkey,2013,18100,11341.13134
Turkey,2012,15700,10672.05482
Turkey,2011,13900,6584.696357
Turkey,2010,11600,6387.487421
Turkmenistan,2017,1330,6477.944726
Turkmenistan,2016,1270,7962.365824
Turkmenistan,2015,1250,7304.420525
Turkmenistan,2014,1240,6675.276276
Turkmenistan,2013,1120,5649.978486
Turkmenistan,2012,1000,4439.203
Turkmenistan,2011,833.15,28689.13277
Turkmenistan,2010,643.62,27230.88825
Turks and Caicos Islands,2017,10.16915,26020.03553
Turks and Caicos Islands,2016,9.50358,24421.82637
Turks and Caicos Islands,2015,8.93502,22374.56204
Turks and Caicos Islands,2014,8.23968,22069.0934
Turks and Caicos Islands,2013,7.40777,22967.74681
Turks and Caicos Islands,2012,7.15722768,22158.7344
Turks and Caicos Islands,2011,7.28789574,3923.561196
Turks and Caicos Islands,2010,6.86787814,3563.621114
Tuvalu,2017,0.57295185,3184.998643
Tuvalu,2016,0.53197164,3372.088907
Tuvalu,2015,0.46638967,3429.886269
Tuvalu,2014,0.40805428,3468.641204
Tuvalu,2013,0.38438003,3599.227865
Tuvalu,2012,0.35928935,2981.264734
Tuvalu,2011,0.37084482,646.2177649
Tuvalu,2010,0.34226319,612.7919141
Uganda,2017,1000000,625.1831474
Uganda,2016,870000,716.6369173
Uganda,2015,813000,684.7052569
Uganda,2014,724000,673.3091347
Uganda,2013,665000,612.1495386
Uganda,2012,612000,580.3645381
Uganda,2011,542000,2536.107749
Uganda,2010,429000,2100.782123
Ukraine,2017,29800,2038.415785
Ukraine,2016,23900,2974.458037
Ukraine,2015,19900,4063.104441
Ukraine,2014,15900,3876.148163
Ukraine,2013,14700,3579.939743
Ukraine,2012,14000,2970.191131
Ukraine,2011,13000,40698.84453
Ukraine,2010,10800,38517.81024
United Arab Emirates,2017,14100,39122.03731
United Arab Emirates,2016,13100,44443.07336
United Arab Emirates,2015,13200,43315.13842
United Arab Emirates,2014,14800,42086.69578
United Arab Emirates,2013,14300,40434.36947
United Arab Emirates,2012,13800,35037.9065
United Arab Emirates,2011,12900,39757.70617
United Arab Emirates,2010,10600,40420.98453
United Kingdom of Great Britain and Northern Ireland,2017,20400,44289.75402
United Kingdom of Great Britain and Northern Ireland,2016,19700,46676.88127
United Kingdom of Great Britain and Northern Ireland,2015,19000,42597.73747
United Kingdom of Great Britain and Northern Ireland,2014,18400,41659.01432
United Kingdom of Great Britain and Northern Ireland,2013,17600,41291.61546
United Kingdom of Great Britain and Northern Ireland,2012,16900,38746.20102
United Kingdom of Great Britain and Northern Ireland,2011,16400,933.5553097
United Kingdom of Great Britain and Northern Ireland,2010,15900,875.8642928
United Republic of Tanzania: Mainland,2017,1160000,870.4284594
United Republic of Tanzania: Mainland,2016,1030000,947.7218462
United Republic of Tanzania: Mainland,2015,909000,900.1198035
United Republic of Tanzania: Mainland,2014,797000,812.2461842
United Republic of Tanzania: Mainland,2013,710000,725.5334501
United Republic of Tanzania: Mainland,2012,614000,693.8694679
United Republic of Tanzania: Mainland,2011,528000,919.904513
United Republic of Tanzania: Mainland,2010,438000,822.7001277
United Republic of Tanzania: Zanzibar,2017,31000,794.6643033
United Republic of Tanzania: Zanzibar,2016,26300,936.247099
United Republic of Tanzania: Zanzibar,2015,23100,835.3380273
United Republic of Tanzania: Zanzibar,2014,21400,758.5168525
United Republic of Tanzania: Zanzibar,2013,18500,651.0902136
United Republic of Tanzania: Zanzibar,2012,15700,587.2722078
United Republic of Tanzania: Zanzibar,2011,13400,60054.94129
United Republic of Tanzania: Zanzibar,2010,10500,58064.47308
United States,2017,195000,56947.90961
United States,2016,187000,55148.6036
United States,2015,182000,53194.61184
United States,2014,175000,51692.23079
United States,2013,168000,49967.89389
United States,2012,162000,48574.34044
United States,2011,155000,17120.18426
United States,2010,150000,15298.3473
Uruguay,2017,17000,15524.85905
Uruguay,2016,15900,16737.87574
Uruguay,2015,14600,16881.20298
Uruguay,2014,13300,15092.0937
Uruguay,2013,11800,14166.49075
Uruguay,2012,10400,11938.23423
Uruguay,2011,9260,1556.759169
Uruguay,2010,8080,2144.753437
Uzbekistan,2017,2540000,2159.860416
Uzbekistan,2016,2000000,2069.241686
Uzbekistan,2015,1720000,1921.762314
Uzbekistan,2014,1460000,1764.559406
Uzbekistan,2013,1210000,1587.727223
Uzbekistan,2012,979000,1381.719529
Uzbekistan,2011,788000,3128.39373
Uzbekistan,2010,624000,2974.564486
Vanuatu,2017,931.787639,2871.052595
Vanuatu,2016,872.495,3148.350265
Vanuatu,2015,827.9788518,3167.343056
Vanuatu,2014,791.086,3158.58688
Vanuatu,2013,758.03,3275.092904
Vanuatu,2012,724.15,2965.801414
Vanuatu,2011,708.73,7977.359154
Vanuatu,2010,679.12,9230.067954
Venezuela (Bolivarian Republic of),2017,2930000,11053.5559
Venezuela (Bolivarian Republic of),2016,238000,11818.50468
Venezuela (Bolivarian Republic of),2015,60300,12248.17545
Venezuela (Bolivarian Republic of),2014,30300,12754.99181
Venezuela (Bolivarian Republic of),2013,22500,10741.59964
Venezuela (Bolivarian Republic of),2012,16400,13566.39193
Venezuela (Bolivarian Republic of),2011,13600,2342.244006
Venezuela (Bolivarian Republic of),2010,10200,2170.648046
Viet Nam,2017,50100000,2065.169251
Viet Nam,2016,45000000,2012.04629
Viet Nam,2015,41900000,1871.325494
Viet Nam,2014,39400000,1722.683931
Viet Nam,2013,35800000,1515.479925
Viet Nam,2012,32500000,1310.370275
Viet Nam,2011,27800000,989.605354
Viet Nam,2010,21600000,900.5525775
Yemen,2017,60100,990.492319
Yemen,2016,53400,1265.858365
Yemen,2015,57300,1358.885271
Yemen,2014,71400,1287.627793
Yemen,2013,74700,1281.485844
Yemen,2012,68800,1309.232057
Yemen,2011,66400,1513.276223
Yemen,2010,67900,1262.934622
Zambia,2017,2460,1319.420678
Zambia,2016,2160,1738.089854
Zambia,2015,1830,1850.80391
Zambia,2014,1670,1734.953175
Zambia,2013,1510,1644.638546
Zambia,2012,1310,1463.202326
Zambia,2011,1140,1091.166245
Zambia,2010,972.159,1029.076649
Zimbabwe,2017,180.3687328,1033.415842
Zimbabwe,2016,166.199604,1031.104616
Zimbabwe,2015,163.0466781,1026.388289
Zimbabwe,2014,158.9104924,968.1638714
Zimbabwe,2013,154.5176866,840.9498799
Zimbabwe,2012,142.4249025,719.979517
Zimbabwe,2011,120.9845075,840.9498799
Zimbabwe,2010,101.4185971,719.979517
